BnB,HOA,_id,address,city,dollar_per_sqfeet,lat,location,long,price,property_type,redfin_link,sq_feet,state,year_built
4B3.5B,170.0,5c0a464a6ee39237d843c76a,100 Mongoose,Irvine,503,33.6858563,GP - Great Park,-117.7356527,1180000,Single-Family,http://www.redfin.com/CA/Irvine/100-Mongoose-92618/home/102904972,2347,CA,2016.0
5B5.5B,215.0,5c0a464a6ee39237d843c76b,100 Paramount,Irvine,470,33.685171999999994,GP - Great Park,-117.731027,1798000,Single-Family,http://www.redfin.com/CA/Irvine/100-Paramount-92618/home/105486514,3825,CA,2016.0
3B2.5B,232.0,5c0a464a6ee39237d843c76c,100 Walking Stick,Irvine,540,33.665242,PS - Portola Springs,-117.7490656,885000,Townhouse,http://www.redfin.com/CA/IRVINE/100-WALKING-STICK-92618/home/112724480,1640,CA,2017.0
5B5.5B,215.0,5c0a464a6ee39237d843c76d,101 Crossover,Irvine,436,33.665242,GP - Great Park,-117.7490656,1734990,Single-Family,http://www.redfin.com/CA/Irvine/101-Crossover-92618/home/147296191,3983,CA,2018.0
5B5.5B,,5c0a464a6ee39237d843c76e,101 Spacial,Irvine,466,33.684457,Estrella at Altair,-117.71046399999999,2526075,Single-Family,http://www.redfin.com/CA/Irvine/101-Spacial-92618/home/146170442,5416,CA,2018.0
2B2.5B,408.0,5c0a464a6ee39237d843c76f,102 Acamar,Irvine,423,33.6862128,GP - Great Park,-117.73572639999999,719900,Condo,http://www.redfin.com/CA/Irvine/102-Acamar-92618/home/143914902,1700,CA,2016.0
2B2.0B,310.0,5c0a464a6ee39237d843c770,102 Capricorn,Irvine,477,33.7011379,IRSP - Irvine Spectrum,-117.72990039999999,589000,Condo,http://www.redfin.com/CA/Irvine/102-Capricorn-92618/home/112728877,1235,CA,2015.0
4B4.5B,189.0,5c0a464a6ee39237d843c771,102 Masterpiece,Irvine,414,33.665242,GP - Great Park,-117.7490656,1200046,Condo,http://www.redfin.com/CA/Irvine/102-Masterpiece-92618/home/146948733,2900,CA,2018.0
4B4.5B,215.0,5c0a464a6ee39237d843c772,102 Measure,Irvine,498,33.6852,GP - Great Park,-117.72200000000001,1439990,Single-Family,http://www.redfin.com/CA/Irvine/102-Measure-92618/home/146420185,2891,CA,2018.0
4B3.0B,258.0,5c0a464a6ee39237d843c773,102 Vessel,Irvine,495,33.690303,PS - Portola Springs,-117.70583500000001,985913,Condo,http://www.redfin.com/CA/Irvine/102-Vessel-92618/home/146436987,1991,CA,2018.0
4B4.5B,215.0,5c0a464a6ee39237d843c774,103 Crossover,Irvine,455,33.665242,GP - Great Park,-117.7490656,1702990,Single-Family,http://www.redfin.com/CA/Irvine/103-Crossover-92618/home/147296130,3740,CA,2018.0
4B4.0B,,5c0a464a6ee39237d843c775,103 Measure,Irvine,486,33.6852,Great Park Neighborhoods - Marcato at Cadence Park,-117.72200000000001,1569990,Single-Family,http://www.redfin.com/CA/Irvine/103-Measure-92618/home/148314288,3232,CA,2018.0
5B5.5B,391.0,5c0a464a6ee39237d843c776,103 Pinnacle Trl,Irvine,804,33.630087100000004,LGA - Laguna Altura,-117.75278610000001,4500000,Single-Family,http://www.redfin.com/CA/Irvine/103-Pinnacle-Trl-92603/home/147609621,5596,CA,2017.0
4B4.5B,180.0,5c0a464a6ee39237d843c777,103 Prairie Rose,Irvine,431,33.696816,STE - Stonegate East,-117.72308829999999,1560000,Single-Family,http://www.redfin.com/CA/Irvine/103-Prairie-Rose-92618/home/51684741,3620,CA,2015.0
5B5.5B,,5c0a464a6ee39237d843c778,103 Spacial,Irvine,466,33.684457,Estrella at Altair,-117.71046399999999,2441540,Single-Family,http://www.redfin.com/CA/Irvine/103-Spacial-92618/home/146170443,5243,CA,2018.0
4B4.0B,134.0,5c0a464a6ee39237d843c779,103 Vessel,Irvine,490,33.690303,PS - Portola Springs,-117.70583500000001,1180562,Condo,http://www.redfin.com/CA/Irvine/103-Vessel-92618/home/146840972,2408,CA,2018.0
4B4.0B,215.0,5c0a464a6ee39237d843c77a,104 Blue Note,Irvine,504,33.665242,GP - Great Park,-117.7490656,1502990,Single-Family,http://www.redfin.com/CA/Irvine/104-Blue-Note-92618/home/146626636,2983,CA,2018.0
3B3.0B,353.0,5c0a464a6ee39237d843c77b,104 Borrego,Irvine,428,33.6982071,PS - Portola Springs,-117.7155196,725000,Condo,http://www.redfin.com/CA/Irvine/104-Borrego-92618/home/58555904,1694,CA,2013.0
4B4.5B,215.0,5c0a464a6ee39237d843c77c,104 Measure,Irvine,442,33.665242,GP - Great Park,-117.7490656,1579990,Single-Family,http://www.redfin.com/CA/Irvine/104-Measure-92618/home/146524890,3575,CA,2018.0
5B5.5B,391.0,5c0a464a6ee39237d843c77d,104 Scenic Crst,Irvine,810,33.6325096,LGA - Laguna Altura,-117.7518608,4800000,Single-Family,http://www.redfin.com/CA/Irvine/104-Scenic-Crst-92618/home/112725805,5923,CA,2016.0
4B4.0B,215.0,5c0a464a6ee39237d843c77e,104 Score,Irvine,487,33.665242,GP - Great Park,-117.7490656,1452990,Single-Family,http://www.redfin.com/CA/Irvine/104-Score-92618/home/146425447,2983,CA,2018.0
4B4.5B,297.0,5c0a464a6ee39237d843c77f,104 Turnstone,Irvine,519,33.67820510000001,699 - Not Defined,-117.7133372,1558000,Single-Family,http://www.redfin.com/CA/Irvine/104-Turnstone-92618/home/147611664,3000,CA,2018.0
4B3.0B,258.0,5c0a464a6ee39237d843c780,104 Vessel,Irvine,493,33.690303,PS - Portola Springs,-117.70583500000001,981685,Condo,http://www.redfin.com/CA/Irvine/104-Vessel-92618/home/147448965,1991,CA,2018.0
5B4.5B,215.0,5c0a464a6ee39237d843c781,105 Blue Note,Irvine,456,33.665242,GP - Great Park,-117.7490656,1564990,Single-Family,http://www.redfin.com/CA/Irvine/105-Blue-Note-92618/home/146191102,3432,CA,2018.0
3B2.75B,348.0,5c0a464a6ee39237d843c782,105 Northern Pt,Irvine,525,33.6859887,PS - Portola Springs,-117.7155281,809910,Condo,http://www.redfin.com/CA/Irvine/105-Northern-Pt-Unknown/home/146254528,1542,CA,2016.0
3B3.5B,408.0,5c0a464a6ee39237d843c783,106 Acamar,Irvine,412,33.6862128,GP - Great Park,-117.73572639999999,799000,Condo,http://www.redfin.com/CA/Irvine/106-Acamar-92618/home/108551837,1939,CA,2016.0
3B3.0B,215.0,5c0a464a6ee39237d843c784,106 Newall,Irvine,469,33.688830100000004,GP - Great Park,-117.73202549999999,848888,Single-Family,http://www.redfin.com/CA/Irvine/106-Newall-92618/home/113380533,1810,CA,2016.0
5B5.5B,391.0,5c0a464a6ee39237d843c785,107 Shady Arbor,Irvine,760,33.6312726,LGA - Laguna Altura,-117.75505009999999,4498888,Single-Family,http://www.redfin.com/CA/Irvine/107-Shady-Arbor-92618/home/112725446,5923,CA,2016.0
4B3.0B,193.0,5c0a464a6ee39237d843c786,107 Spoke,Irvine,515,33.690870000000004,GP - Great Park,-117.732033,1398000,Single-Family,http://www.redfin.com/CA/Irvine/107-Spoke-92618/home/112718998,2715,CA,2017.0
4B4.0B,215.0,5c0a464a6ee39237d843c787,108 Pitch,Irvine,433,33.665242,699 - Not Defined,-117.7490656,1349900,Single-Family,http://www.redfin.com/CA/Irvine/108-Pitch-92618/home/147801066,3116,CA,2018.0
4B4.0B,216.0,5c0a464a6ee39237d843c788,108 Smallwheel,Irvine,510,33.688534000000004,GP - Great Park,-117.7291747,1288000,Single-Family,http://www.redfin.com/CA/Irvine/108-Smallwheel-92618/home/112718721,2524,CA,2015.0
3B2.5B,362.0,5c0a464a6ee39237d843c789,109 Augustine,Irvine,527,33.6803066,CV - Cypress Village,-117.7472374,846835,Townhouse,http://www.redfin.com/CA/Irvine/109-Augustine-92618/home/146953031,1606,CA,2018.0
3B4.0B,215.0,5c0a464a6ee39237d843c78a,109 Pastel,Irvine,461,33.665242,GP - Great Park,-117.7490656,1395990,Single-Family,http://www.redfin.com/CA/Irvine/109-Pastel-92618/home/146121638,3026,CA,2018.0
5B5.5B,295.0,5c0a464a6ee39237d843c78b,109 Spacial,Irvine,473,33.684457,699 - Not Defined,-117.71046399999999,2550003,Single-Family,http://www.redfin.com/CA/Irvine/109-Spacial-92618/home/145600298,5390,CA,2018.0
3B3.5B,248.0,5c0a464a6ee39237d843c78c,110 Firefly,Irvine,482,33.6998479,PS - Portola Springs,-117.7136466,729000,Condo,http://www.redfin.com/CA/Irvine/110-Firefly-92618/home/69369353,1513,CA,2015.0
4B3.5B,215.0,5c0a464a6ee39237d843c78d,110 Pitch,Irvine,437,33.6842,699 - Not Defined,-117.728,1234990,Single-Family,http://www.redfin.com/CA/Irvine/110-Pitch-92618/home/147801184,2826,CA,2018.0
3B2.25B,362.0,5c0a464a6ee39237d843c78e,111 Augustine,Irvine,511,33.6807189,CV - Cypress Village,-117.7468027,848476,Townhouse,http://www.redfin.com/CA/Irvine/111-Augustine-92618/home/148354730,1659,CA,2018.0
5B5.5B,392.0,5c0a464a6ee39237d843c78f,111 Tranquil,Irvine,847,33.6317347,LGA - Laguna Altura,-117.75271609999999,4380000,Single-Family,http://www.redfin.com/CA/Irvine/111-Tranquil-Hts-92618/home/112725183,5174,CA,2016.0
4B4.5B,193.0,5c0a464a6ee39237d843c790,112 Prairie Rose,Irvine,498,33.6970766,GP - Great Park,-117.72425659999999,1788888,Single-Family,http://www.redfin.com/CA/Irvine/112-Prairie-Rose-92618/home/51684760,3594,CA,2014.0
4B3.0B,193.0,5c0a464a6ee39237d843c791,113 Bumblebee,Irvine,499,33.7011401,GP - Great Park,-117.72357759999998,1195000,Condo,http://www.redfin.com/CA/Irvine/113-Bumblebee-92618/home/112721008,2395,CA,2014.0
5B5.5B,295.0,5c0a464a6ee39237d843c792,113 Spacial,Irvine,484,33.684457,699 - Not Defined,-117.71046399999999,2609393,Single-Family,http://www.redfin.com/CA/Irvine/113-Spacial-92618/home/145125360,5390,CA,2018.0
5B5.5B,391.0,5c0a464a6ee39237d843c793,114 Heather Mist,Irvine,765,33.6299562,Laguna Altura (LGA),-117.75529650000001,3699000,Single-Family,http://www.redfin.com/CA/Irvine/114-Heather-Mist-92603/home/112725749,4833,CA,2016.0
5B5.5B,391.0,5c0a464a6ee39237d843c794,114 Iron Gate,Irvine,810,33.634778499999996,LGA - Laguna Altura,-117.75455190000001,3980000,Single-Family,http://www.redfin.com/CA/Irvine/114-Iron-Gate-92603/home/146904794,4915,CA,2017.0
3B2.25B,362.0,5c0a464a6ee39237d843c795,115 Augustine,Irvine,468,33.6807189,CV - Cypress Village,-117.7468027,881972,Townhouse,http://www.redfin.com/CA/Irvine/115-Augustine-92618/home/148350585,1884,CA,2018.0
4B4.0B,215.0,5c0a464a6ee39237d843c796,115 Cultivate,Irvine,474,33.686031,GP - Great Park,-117.73709469999999,1195000,Condo,http://www.redfin.com/CA/Irvine/115-Cultivate-92618/home/112728520,2519,CA,2015.0
6B6.5B,391.0,5c0a464a6ee39237d843c797,115 Shady Arbor,Irvine,737,33.6309044,699 - Not Defined,-117.756041,4150000,Single-Family,http://www.redfin.com/CA/Irvine/115-Shady-Arbor-92603/home/112725501,5629,CA,2015.0
3B2.75B,215.0,5c0a464a6ee39237d843c798,116 Spectacle,Irvine,380,33.682448,GP - Great Park,-117.72191799999999,885007,Condo,http://www.redfin.com/CA/Irvine/116-Spectacle-92618/home/145959062,2330,CA,2018.0
3B2.25B,362.0,5c0a464a6ee39237d843c799,117 Augustine,Irvine,514,33.6807189,CV - Cypress Village,-117.7468027,826067,Townhouse,http://www.redfin.com/CA/Irvine/117-Augustine-92618/home/148350426,1606,CA,2018.0
3B3.5B,,5c0a464a6ee39237d843c79a,119 Episode,Irvine,421,33.682272,Muse at Cadence Park,-117.72129199999999,813935,Condo,http://www.redfin.com/CA/Irvine/119-Episode-92618/home/147553661,1933,CA,2018.0
4B3.0B,159.0,5c0a464a6ee39237d843c79b,12 Japonica,Irvine,476,33.6636074,OC - Oak Creek,-117.7792763,1488888,Single-Family,http://www.redfin.com/CA/Irvine/12-Japonica-92618/home/4746726,3128,CA,1999.0
4B3.0B,232.0,5c0a464a6ee39237d843c79c,120 Hemisphere,Irvine,462,33.689809000000004,PS - Portola Springs,-117.71004199999999,943000,Condo,http://www.redfin.com/CA/Irvine/120-Hemisphere-92618/home/147516318,2040,CA,2018.0
2B2.5B,294.0,5c0a464a6ee39237d843c79d,121 Calypso,Irvine,476,33.6950042,WD - Woodbury,-117.74016200000001,685000,Condo,http://www.redfin.com/CA/Irvine/121-Calypso-92618/home/40103248,1439,CA,2009.0
4B3.5B,475.0,5c0a464a6ee39237d843c79e,121 Episode,Irvine,421,33.682272,GP - Great Park,-117.72129199999999,802244,Condo,http://www.redfin.com/CA/Irvine/121-Episode-92618/home/146730851,1907,CA,2018.0
3B2.5B,,5c0a464a6ee39237d843c79f,122 Modjeska,Irvine,487,33.682605,Lyric at Cadence Park,-117.722098,809108,Single-Family,http://www.redfin.com/CA/Irvine/122-Modjeska-92618/home/148164947,1661,CA,2018.0
4B2.75B,150.0,5c0a464a6ee39237d843c7a0,122 Montero #129,Irvine,648,33.665242,699 - Not Defined,-117.7490656,1597914,Single-Family,http://www.redfin.com/CA/Irvine/122-Montero-92618/unit-129/home/147802888,2466,CA,2018.0
3B2.0B,160.0,5c0a464a6ee39237d843c7a1,122 Orchard,Irvine,509,33.6713685,OT - Orangetree,-117.7704902,735000,Single-Family,http://www.redfin.com/CA/Irvine/122-Orchard-92618/home/4746203,1445,CA,1977.0
3B3.5B,285.0,5c0a464a6ee39237d843c7a2,122 Palencia,Irvine,548,33.665242,699 - Not Defined,-117.7490656,1219990,Single-Family,http://www.redfin.com/CA/Irvine/122-Palencia-92618/home/147068713,2225,CA,2018.0
5B5.5B,392.0,5c0a464a6ee39237d843c7a3,123 Amber Sky,Irvine,875,33.633119,LGA - Laguna Altura,-117.7560756,4380000,Single-Family,http://www.redfin.com/CA/Irvine/123-Amber-Sky-92603/home/112725715,5005,CA,2017.0
3B3.0B,,5c0a464a6ee39237d843c7a4,123 Bosque,Irvine,449,33.6807,Great Park Neighborhoods - Obsidian at Parasol Park,-117.73700000000001,1379990,Single-Family,http://www.redfin.com/CA/Irvine/123-Bosque-92618/home/146779379,3072,CA,2018.0
5B5.5B,200.0,5c0a464a6ee39237d843c7a5,123 Calderon,Irvine,787,33.684902,GP - Great Park,-117.733774,3680000,Single-Family,http://www.redfin.com/CA/Irvine/123-Calderon-92618/home/108244852,4676,CA,2016.0
3B3.5B,475.0,5c0a464a6ee39237d843c7a6,123 Episode,Irvine,431,33.680761,GP - Great Park,-117.72774799999999,856117,Condo,http://www.redfin.com/CA/Irvine/123-Episode-92618/home/146798685,1986,CA,2018.0
4B2.75B,150.0,5c0a464a6ee39237d843c7a7,123 Montero #130,Irvine,650,33.665242,699 - Not Defined,-117.7490656,1497252,Single-Family,http://www.redfin.com/CA/Irvine/123-Montero-92618/unit-130/home/147836225,2302,CA,2018.0
3B3.0B,315.0,5c0a464a6ee39237d843c7a8,123 Neptune,Irvine,368,33.69945070000001,PS - Portola Springs,-117.73221629999999,749900,Condo,http://www.redfin.com/CA/Irvine/123-Neptune-92618/home/143910134,2038,CA,2016.0
4B4.5B,134.0,5c0a464a6ee39237d843c7a9,123 Wanderer,Irvine,464,33.665242,PS - Portola Springs,-117.7490656,1299000,Single-Family,http://www.redfin.com/CA/IRVINE/123-WANDERER-92618/home/143912255,2799,CA,2018.0
3B3.0B,353.0,5c0a464a6ee39237d843c7aa,124 Borrego,Irvine,418,33.6981989,PS - Portola Springs,-117.71555790000001,708000,Condo,http://www.redfin.com/CA/Irvine/124-Borrego-92618/home/58555797,1694,CA,2013.0
4B3.5B,232.0,5c0a464a6ee39237d843c7ab,124 Hemisphere,Irvine,447,33.689809000000004,PS - Portola Springs,-117.71004199999999,1046000,Condo,http://www.redfin.com/CA/Irvine/124-Hemisphere-92618/home/113720996,2340,CA,2018.0
3B2.5B,,5c0a464a6ee39237d843c7ac,124 Modjeska,Irvine,438,33.682605,Lyric at Cadence Park,-117.722098,857860,Single-Family,http://www.redfin.com/CA/Irvine/124-Modjeska-92618/home/148164948,1958,CA,2018.0
2B2.0B,,5c0a464a6ee39237d843c7ad,126 Palencia,Irvine,576,33.6772,Travata - Palencia at Travata,-117.75,1063538,Single-Family,http://www.redfin.com/CA/Irvine/126-Palencia-92618/home/147727985,1848,CA,2018.0
5B5.5B,391.0,5c0a464a6ee39237d843c7ae,126 Scenic Crst,Irvine,917,33.6298725,LGA - Laguna Altura,-117.7519922,4700000,Single-Family,http://www.redfin.com/CA/Irvine/126-Scenic-Crst-92603/home/148435057,5128,CA,2018.0
3B3.0B,217.0,5c0a464a6ee39237d843c7af,128 Catalyst,Irvine,402,33.6807,GP - Great Park,-117.73700000000001,1219990,Condo,http://www.redfin.com/CA/Irvine/128-Catalyst-92618/home/145509208,3036,CA,2018.0
4B3.5B,406.0,5c0a464a6ee39237d843c7b0,128 Terrapin,Irvine,403,33.6821001,GP - Great Park,-117.7381805,849000,Condo,http://www.redfin.com/CA/Irvine/128-Terrapin-92618/home/143478277,2107,CA,2017.0
7B7.5B,391.0,5c0a464a6ee39237d843c7b1,129 Amber Sky,Irvine,708,33.633651,LGA - Laguna Altura,-117.7565388,3540000,Single-Family,http://www.redfin.com/CA/Irvine/129-Amber-Sky-92603/home/146115321,5000,CA,2017.0
4B4.5B,215.0,5c0a464a6ee39237d843c7b2,130 Crossover,Irvine,448,33.665242,GP - Great Park,-117.7490656,1836990,Single-Family,http://www.redfin.com/CA/Irvine/130-Crossover-92618/home/147860249,4102,CA,2018.0
4B4.5B,189.0,5c0a464a6ee39237d843c7b3,131 Sculpture,Irvine,400,33.665242,GP - Great Park,-117.7490656,1158638,Condo,http://www.redfin.com/CA/Irvine/131-Sculpture-92618/home/146951778,2900,CA,2018.0
5B5.5B,215.0,5c0a464a6ee39237d843c7b4,133 Crossover,Irvine,425,33.6787904,GP - Great Park,-117.7505353,1739990,Single-Family,http://www.redfin.com/CA/Irvine/133-92618/home/146449061,4097,CA,2018.0
3B2.25B,243.0,5c0a464a6ee39237d843c7b5,135 Messenger,Irvine,516,33.665242,PS - Portola Springs,-117.7490656,848518,Condo,http://www.redfin.com/CA/Irvine/135-Messenger-92618/home/148428063,1646,CA,2018.0
3B3.0B,,5c0a464a6ee39237d843c7b6,136 Catalyst,Irvine,397,33.6807,Great Park Neighborhoods - Obsidian at Parasol Park,-117.73700000000001,1219990,Single-Family,http://www.redfin.com/CA/Irvine/136-Catalyst-92618/home/146779380,3072,CA,2018.0
4B3.0B,,5c0a464a6ee39237d843c7b7,139 Halo,Irvine,483,33.689809000000004,Legado at Portola Springs,-117.71004199999999,1056008,Single-Family,http://www.redfin.com/CA/Irvine/139-Halo-92679/home/104231491,2185,CA,2016.0
3B2.25B,243.0,5c0a464a6ee39237d843c7b8,139 Messenger,Irvine,495,33.665242,PS - Portola Springs,-117.7490656,910725,Condo,http://www.redfin.com/CA/Irvine/139-Messenger-92618/home/148431258,1839,CA,2018.0
4B4.0B,217.0,5c0a464a6ee39237d843c7b9,140 Catalyst,Irvine,392,33.68174929999999,699 - Not Defined,-117.73488870000001,1149990,Single-Family,http://www.redfin.com/CA/Irvine/140-Catalyst-92618/home/147375820,2937,CA,2018.0
3B3.5B,232.0,5c0a464a6ee39237d843c7ba,140 Excursion,Irvine,472,33.688739399999996,PS - Portola Springs,-117.71467150000001,875000,Condo,http://www.redfin.com/CA/Irvine/140-Excursion-92618/home/147298993,1855,CA,2016.0
5B3.0B,219.0,5c0a464a6ee39237d843c7bb,141 Fieldwood,Irvine,411,33.6979506,GP - Great Park,-117.72452849999999,1000000,Condo,http://www.redfin.com/CA/Irvine/141-Fieldwood-92618/home/112719403,2434,CA,2015.0
2B2.5B,345.0,5c0a464a6ee39237d843c7bc,141 Tubeflower,Irvine,510,33.680903,CV - Cypress Village,-117.7445003,629888,Townhouse,http://www.redfin.com/CA/Irvine/141-Tubeflower-92618/home/146950122,1234,CA,2017.0
3B3.25B,246.0,5c0a464a6ee39237d843c7bd,142 Milky Way,Irvine,446,33.665242,PS - Portola Springs,-117.7490656,798714,Condo,http://www.redfin.com/CA/Irvine/142-Milky-Way-92618/home/145875134,1792,CA,2018.0
3B2.25B,333.0,5c0a464a6ee39237d843c7be,143 Milky Way,Irvine,505,33.665242,PS - Portola Springs,-117.7490656,729878,Condo,http://www.redfin.com/CA/Irvine/143-Milky-Way-92618/home/146423986,1445,CA,2018.0
3B3.0B,,5c0a464a6ee39237d843c7bf,144 Catalyst,Irvine,417,33.6807,Great Park Neighborhoods - Obsidian at Parasol Park,-117.73700000000001,1299990,Single-Family,http://www.redfin.com/CA/Irvine/144-Catalyst-92618/home/146891565,3114,CA,2018.0
4B3.5B,,5c0a464a6ee39237d843c7c0,145 Episode,Irvine,436,33.680761,Muse at Cadence Park,-117.72774799999999,831564,Condo,http://www.redfin.com/CA/Irvine/145-Episode-92618/home/146798688,1907,CA,2018.0
2B2.5B,285.0,5c0a464a6ee39237d843c7c1,146 Palencia,Irvine,573,33.6749995,699 - Not Defined,-117.7495483,1058990,Single-Family,http://www.redfin.com/CA/Irvine/151-Palencia-92618/home/147068691,1849,CA,2018.0
3B2.5B,,5c0a464a6ee39237d843c7c2,"146 Stage, Homesite 73",Irvine,462,33.683667,Deco at Cadence Park,-117.720754,946660,Multi-Family,http://www.redfin.com/CA/Irvine/146-Stage-92618/home/148128633,2047,CA,2018.0
3B3.5B,,5c0a464a6ee39237d843c7c3,147 Episode,Irvine,431,33.680761,Muse at Cadence Park,-117.72774799999999,833717,Condo,http://www.redfin.com/CA/Irvine/147-Episode-92618/home/146798687,1933,CA,2018.0
3B3.0B,,5c0a464a6ee39237d843c7c4,"148 Stage, Homesite 80",Irvine,453,33.683667,Deco at Cadence Park,-117.720754,927270,Multi-Family,http://www.redfin.com/CA/Irvine/148-Stage-92618/home/146949397,2047,CA,2018.0
3B1.75B,,5c0a464a6ee39237d843c7c5,14851 Jeffrey Rd #179,Irvine,191,33.6881169,EC - El Camino Real,-117.77042649999999,299000,Other,http://www.redfin.com/CA/Irvine/14851-Jeffrey-Rd-92618/unit-179/home/5140473,1566,CA,2014.0
3B2.25B,243.0,5c0a464a6ee39237d843c7c6,149 Messenger,Irvine,502,33.665242,PS - Portola Springs,-117.7490656,825027,Condo,http://www.redfin.com/CA/Irvine/149-Messenger-92618/home/148126859,1645,CA,2018.0
4B4.0B,216.0,5c0a464a6ee39237d843c7c7,149 crossover,Irvine,475,33.665242,699 - Not Defined,-117.7490656,1480000,Single-Family,http://www.redfin.com/CA/Irvine/149-crossover-92618/home/148428300,3116,CA,2018.0
4B3.5B,329.0,5c0a464a6ee39237d843c7c8,150 Capricorn,Irvine,393,33.700624499999996,STE - Stonegate East,-117.73043259999999,749900,Townhouse,http://www.redfin.com/CA/Irvine/150-Capricorn-92618/home/112720905,1908,CA,2015.0
1B1.5B,324.0,5c0a464a6ee39237d843c7c9,150 Full Moon,Irvine,431,33.696798799999996,PS - Portola Springs,-117.71740220000001,530565,Condo,http://www.redfin.com/CA/Irvine/150-Full-Moon-92618/home/45383482,1232,CA,2011.0
4B2.75B,150.0,5c0a464a6ee39237d843c7ca,151 Linda Vis #161,Irvine,609,33.665242,699 - Not Defined,-117.7490656,1606310,Single-Family,http://www.redfin.com/CA/Irvine/151-Linda-Vis-92618/unit-161/home/146497511,2637,CA,2018.0
3B3.5B,290.0,5c0a464a6ee39237d843c7cb,154 Palencia,Irvine,560,33.677196,CV - Cypress Village,-117.749824,1358000,Single-Family,http://www.redfin.com/CA/Irvine/154-Palencia-92618/home/144672324,2425,CA,2018.0
4B2.5B,215.0,5c0a464a6ee39237d843c7cc,154 Stage,Irvine,423,33.683667,GP - Great Park,-117.720754,973569,Single-Family,http://www.redfin.com/CA/Irvine/154-Stage-92618/home/146949246,2300,CA,2018.0
4B3.25B,243.0,5c0a464a6ee39237d843c7cd,155 Falcon Rdg,Irvine,532,33.700070600000004,PS - Portola Springs,-117.7081865,972131,Condo,http://www.redfin.com/CA/Irvine/155-Falcon-Rdg-92679/home/148425298,1827,CA,2018.0
4B3.0B,186.0,5c0a464a6ee39237d843c7ce,155 Fieldwood,Irvine,450,33.697425,GP - Great Park,-117.7248558,928000,Condo,http://www.redfin.com/CA/Irvine/155-Fieldwood-92618/home/58557108,2062,CA,2013.0
3B2.5B,215.0,5c0a464a6ee39237d843c7cf,156 Stage,Irvine,450,33.683667,GP - Great Park,-117.720754,918750,Single-Family,http://www.redfin.com/CA/Irvine/156-Stage-92618/home/148128632,2043,CA,2018.0
3B3.5B,475.0,5c0a464a6ee39237d843c7d0,159 Episode,Irvine,433,33.680761,GP - Great Park,-117.72774799999999,837820,Condo,http://www.redfin.com/CA/Irvine/159-Episode-92618/home/146430641,1933,CA,2018.0
3B2.25B,232.0,5c0a464a6ee39237d843c7d1,159 Excursion,Irvine,501,33.688714700000006,PS - Portola Springs,-117.71469599999999,823930,Condo,http://www.redfin.com/CA/Irvine/159-Excursion-92618/home/146857915,1645,CA,2016.0
4B4.5B,215.0,5c0a464a6ee39237d843c7d2,159 Newington,Irvine,501,33.684770799999995,GP - Great Park,-117.7362189,1390000,Single-Family,http://www.redfin.com/CA/Irvine/159-Newington-92618/home/143914788,2774,CA,2016.0
2B2.5B,147.0,5c0a464a6ee39237d843c7d3,160 Cherrybrook Ln,Irvine,542,33.6677528,OC - Oak Creek,-117.788377,650000,Condo,http://www.redfin.com/CA/Irvine/160-Cherrybrook-Ln-92618/home/5482524,1200,CA,2000.0
4B3.0B,215.0,5c0a464a6ee39237d843c7d4,164 Stage,Irvine,440,33.683667,GP - Great Park,-117.720754,1011120,Single-Family,http://www.redfin.com/CA/Irvine/164-Stage-92618/home/148128629,2300,CA,2018.0
3B3.5B,435.0,5c0a464a6ee39237d843c7d5,165 Cadence,Irvine,411,33.6855327,GP - Great Park,-117.74067959999998,814990,Condo,http://www.redfin.com/CA/Irvine/165-Cadence-92618/home/147672467,1981,CA,2018.0
3B3.5B,408.0,5c0a464a6ee39237d843c7d6,166 Fixie,Irvine,376,33.6903871,GP - Great Park,-117.7347071,779500,Townhouse,http://www.redfin.com/CA/Irvine/166-Fixie-92618/home/146415952,2075,CA,2017.0
5B5.5B,195.0,5c0a464a6ee39237d843c7d7,167 Fieldwood,Irvine,428,33.696761200000005,GP - Great Park,-117.72572279999999,1790000,Single-Family,http://www.redfin.com/CA/Irvine/167-Fieldwood-92618/home/51684928,4186,CA,2013.0
4B3.5B,215.0,5c0a464a6ee39237d843c7d8,168 Stage,Irvine,429,33.683667,GP - Great Park,-117.720754,920200,Single-Family,http://www.redfin.com/CA/Irvine/168-Stage-92618/home/148123921,2146,CA,2018.0
4B3.0B,215.0,5c0a464a6ee39237d843c7d9,169 Violet Bloom,Irvine,474,33.698030100000004,GP - Great Park,-117.72582539999999,977800,Condo,http://www.redfin.com/CA/Irvine/169-Violet-Bloom-92618/home/112720830,2062,CA,2014.0
3B2.5B,215.0,5c0a464a6ee39237d843c7da,170 Stage,Irvine,461,33.683667,GP - Great Park,-117.720754,884910,Single-Family,http://www.redfin.com/CA/Irvine/170-Stage-92618/home/146983203,1921,CA,2018.0
5B4.5B,193.0,5c0a464a6ee39237d843c7db,180 Osage,Irvine,451,33.697488799999995,GP - Great Park,-117.728953,1649900,Single-Family,http://www.redfin.com/CA/Irvine/180-Osage-92618/home/51682794,3660,CA,2014.0
3B3.0B,348.0,5c0a464a6ee39237d843c7dc,185 Excursion,Irvine,518,33.6886809,PS - Portola Springs,-117.71472949999999,798000,Condo,http://www.redfin.com/CA/Irvine/185-Excursion-92618/home/147310968,1542,CA,2016.0
3B3.0B,232.0,5c0a464a6ee39237d843c7dd,186 Quiet Grv,Irvine,486,33.665242,PS - Portola Springs,-117.7490656,894245,Condo,http://www.redfin.com/CA/Irvine/186-Quiet-Grv-92618/home/145650342,1839,CA,2018.0
4B3.25B,247.0,5c0a464a6ee39237d843c7de,189 Augustine,Irvine,515,33.67981760000001,CV - Cypress Village,-117.74770490000002,996600,Condo,http://www.redfin.com/CA/Irvine/189-Augustine-92618/home/147926729,1934,CA,2018.0
3B2.5B,215.0,5c0a464a6ee39237d843c7df,189 Frame,Irvine,346,33.665242,GP - Great Park,-117.7490656,929990,Condo,http://www.redfin.com/CA/Irvine/189-Frame-92618/home/147671427,2686,CA,2018.0
3B2.5B,192.0,5c0a464a6ee39237d843c7e0,192 Desert Bloom,Irvine,490,33.6971177,PS - Portola Springs,-117.7113908,850000,Condo,http://www.redfin.com/CA/Irvine/192-Desert-Bloom-92618/home/51684384,1733,CA,2012.0
3B3.0B,348.0,5c0a464a6ee39237d843c7e1,197 Excursion,Irvine,493,33.6871854,PS - Portola Springs,-117.71620290000001,759999,Condo,http://www.redfin.com/CA/Irvine/197-Excursion-92618/home/143915219,1542,CA,2016.0
4B3.0B,248.0,5c0a464a6ee39237d843c7e2,197 Firefly,Irvine,454,33.6987426,PS - Portola Springs,-117.71458270000001,879000,Condo,http://www.redfin.com/CA/Irvine/197-Firefly-92618/home/58555833,1935,CA,2013.0
4B3.25B,247.0,5c0a464a6ee39237d843c7e3,201 Augustine,Irvine,515,33.67981760000001,CV - Cypress Village,-117.74770490000002,996783,Condo,http://www.redfin.com/CA/Irvine/201-Augustine-92618/home/147965527,1934,CA,2018.0
2B2.5B,310.0,5c0a464a6ee39237d843c7e4,207 Native Spg,Irvine,472,33.698730499999996,PS - Portola Springs,-117.73160619999999,639000,Condo,http://www.redfin.com/CA/Irvine/207-Native-Spg-92618/home/112728879,1354,CA,2015.0
2B2.0B,453.0,5c0a464a6ee39237d843c7e5,209 Carlow,Irvine,457,33.677196,699 - Not Defined,-117.749824,872990,Condo,http://www.redfin.com/CA/Irvine/209-Carlow-92618/home/145269176,1910,CA,2018.0
4B3.0B,150.0,5c0a464a6ee39237d843c7e6,21 Hollinwood,Irvine,531,33.666492100000006,OC - Oak Creek,-117.7776044,1495000,Single-Family,http://www.redfin.com/CA/Irvine/21-Hollinwood-92618/home/5810814,2817,CA,2000.0
2B2.0B,456.0,5c0a464a6ee39237d843c7e7,2104 Apricot,Irvine,451,33.670478700000004,Irvine,-117.77629879999999,499888,Condo,http://www.redfin.com/CA/Irvine/2104-Apricot-Dr-92618/unit-2104/home/5259593,1108,CA,1979.0
4B3.0B,202.0,5c0a464a6ee39237d843c7e8,211 Firefly,Irvine,439,33.698446999999994,PS - Portola Springs,-117.71478570000001,961800,Condo,http://www.redfin.com/CA/Irvine/211-Firefly-92618/home/58555826,2190,CA,2013.0
4B3.0B,223.0,5c0a464a6ee39237d843c7e9,212 Gaspar,Irvine,517,33.665242,PS - Portola Springs,-117.7490656,1029000,Single-Family,http://www.redfin.com/CA/IRVINE/212-GASPER-92618/home/143912204,1991,CA,2018.0
4B3.0B,215.0,5c0a464a6ee39237d843c7ea,214 Wicker,Irvine,475,33.6954617,GP - Great Park,-117.7306118,1219999,Condo,http://www.redfin.com/CA/Irvine/214-Wicker-92618/home/112719482,2568,CA,2014.0
3B3.5B,397.0,5c0a464a6ee39237d843c7eb,215 Magnet,Irvine,390,33.6839706,GP - Great Park,-117.7409558,650000,Townhouse,http://www.redfin.com/CA/Irvine/215-Magnet-92618/home/147705425,1665,CA,2018.0
4B4.5B,200.0,5c0a464a6ee39237d843c7ec,216 Wicker,Irvine,488,33.69536970000001,GP - Great Park,-117.73070039999999,1189900,Condo,http://www.redfin.com/CA/Irvine/216-Wicker-92618/home/112719645,2439,CA,2014.0
1B1.5B,453.0,5c0a464a6ee39237d843c7ed,223 Carlow,Irvine,428,33.665242,699 - Not Defined,-117.7490656,640990,Condo,http://www.redfin.com/CA/Irvine/223-Carlow-92618/home/148158358,1499,CA,2018.0
2B2.0B,453.0,5c0a464a6ee39237d843c7ee,245 Carlow,Irvine,453,33.677196,699 - Not Defined,-117.749824,859990,Condo,http://www.redfin.com/CA/Irvine/245-Carlow-92618/home/145269173,1900,CA,2018.0
3B2.5B,461.0,5c0a464a6ee39237d843c7ef,254 Harringay,Irvine,436,33.685818100000006,GP - Great Park,-117.7413498,890000,Condo,http://www.redfin.com/CA/Irvine/254-Harringay-92618/home/148056078,2041,CA,2018.0
4B3.0B,189.0,5c0a464a6ee39237d843c7f0,257 Radial,Irvine,480,33.6886735,GP - Great Park,-117.73081529999999,998000,Condo,http://www.redfin.com/CA/Irvine/257-Radial-92618/home/143913813,2079,CA,2016.0
3B2.5B,405.0,5c0a464a6ee39237d843c7f1,259 Magnet,Irvine,406,33.6838947,GP - Great Park,-117.74084669999999,849000,Condo,http://www.redfin.com/CA/Irvine/259-Magnet-92618/home/148009158,2093,CA,2018.0
4B4.0B,280.0,5c0a464a6ee39237d843c7f2,26 Tesoro,Irvine,613,33.6416414,LGA - Laguna Altura,-117.7585256,1880000,Single-Family,http://www.redfin.com/CA/Irvine/26-Tesoro-92618/home/45378880,3067,CA,2013.0
3B2.5B,215.0,5c0a464a6ee39237d843c7f3,267 Carmine,Irvine,450,33.6793055,GP - Great Park,-117.7366597,968000,Condo,http://www.redfin.com/CA/Irvine/267-Carmine-92618/home/147995821,2153,CA,2018.0
4B4.25B,134.0,5c0a464a6ee39237d843c7f4,27 Land Bird,Irvine,433,33.702408500000004,PS - Portola Springs,-117.7210493,1465000,Single-Family,http://www.redfin.com/CA/Irvine/27-Land-Bird-92618/home/7203822,3383,CA,2010.0
3B2.5B,164.0,5c0a464a6ee39237d843c7f5,27 Wild Trl,Irvine,370,33.665242,PS - Portola Springs,-117.7490656,799000,Townhouse,http://www.redfin.com/CA/Irvine/27-Wild-Trl-92618/home/146522900,2159,CA,2011.0
3B3.0B,353.0,5c0a464a6ee39237d843c7f6,280 Borrego,Irvine,460,33.697261600000004,PS - Portola Springs,-117.7130736,759888,Townhouse,http://www.redfin.com/CA/Irvine/280-Borrego-92618/home/112721869,1652,CA,2013.0
3B3.0B,324.0,5c0a464a6ee39237d843c7f7,31 Silverado,Irvine,497,33.695164500000004,IRSP - Irvine Spectrum,-117.7184627,828000,Condo,http://www.redfin.com/CA/Irvine/31-Silverado-92618/home/40102649,1667,CA,2010.0
4B3.0B,134.0,5c0a464a6ee39237d843c7f8,318 Bronze,Irvine,415,33.690441899999996,WD - Woodbury,-117.743169,1030000,Condo,http://www.redfin.com/CA/Irvine/318-Bronze-92618/home/28931691,2481,CA,2011.0
4B3.0B,251.0,5c0a464a6ee39237d843c7f9,32 Lacebark #44,Irvine,479,33.699105700000004,STE - Stonegate East,-117.73612479999998,936700,Condo,http://www.redfin.com/CA/Irvine/32-Lacebark-92618/unit-44/home/109479131,1956,CA,2011.0
3B2.5B,270.0,5c0a464a6ee39237d843c7fa,33 Peach Blossom #32,Irvine,523,33.7009059,STE - Stonegate East,-117.73357179999999,798000,Condo,http://www.redfin.com/CA/Irvine/33-Peach-Blossom-92618/unit-32/home/45383072,1526,CA,2011.0
2B2.0B,324.0,5c0a464a6ee39237d843c7fb,33 Silverado,Irvine,468,33.6952509,PS - Portola Springs,-117.7182737,580000,Condo,http://www.redfin.com/CA/Irvine/33-Silverado-92618/home/40102648,1239,CA,2010.0
4B4.5B,354.0,5c0a464a6ee39237d843c7fc,34 Ridge,Irvine,376,33.7053682,PS - Portola Springs,-117.72046370000001,998000,Condo,http://www.redfin.com/CA/Irvine/34-Ridge-Vly-92618/home/21937692,2655,CA,2007.0
4B4.0B,280.0,5c0a464a6ee39237d843c7fd,40 Tesoro,Irvine,596,33.6422912,LGA - Laguna Altura,-117.75901299999998,1828000,Single-Family,http://www.redfin.com/CA/Irvine/40-Tesoro-92618/home/45378938,3067,CA,2013.0
4B4.0B,134.0,5c0a464a6ee39237d843c7fe,50 Deer Trak,Irvine,451,33.7022821,PS - Portola Springs,-117.72173659999999,1498000,Single-Family,http://www.redfin.com/CA/Irvine/50-Deer-Trak-92618/home/7213311,3322,CA,2007.0
5B5.5B,,5c0a464a6ee39237d843c7ff,52 Mare,Irvine,546,33.683777,Estrella at Altair,-117.709147,2944850,Single-Family,http://www.redfin.com/CA/Irvine/52-Mare-92618/home/146653175,5390,CA,2018.0
4B4.0B,297.0,5c0a464a6ee39237d843c800,53 Harlow,Irvine,518,33.6826,699 - Not Defined,-117.71600000000001,1659990,Single-Family,http://www.redfin.com/CA/Irvine/53-Harlow-Unknown/home/147002418,3206,CA,2018.0
5B5.5B,295.0,5c0a464a6ee39237d843c801,53 Hornbill,Irvine,466,33.665242,699 - Not Defined,-117.7490656,2328390,Single-Family,http://www.redfin.com/CA/Irvine/53-Hornbill-92618/home/146796479,5000,CA,2019.0
5B5.5B,295.0,5c0a464a6ee39237d843c802,53 Thrasher,Irvine,512,33.683133700000006,699 - Not Defined,-117.70737150000001,2245510,Single-Family,http://www.redfin.com/CA/Irvine/53-Thrasher-92618/home/147710769,4383,CA,2018.0
4B4.0B,,5c0a464a6ee39237d843c803,54 Harlow,Irvine,522,33.6826,Altair Irvine - Eclipse,-117.71600000000001,1674990,Single-Family,http://www.redfin.com/CA/Irvine/54-Harlow-Unknown/home/147064539,3206,CA,2018.0
4B3.0B,280.0,5c0a464a6ee39237d843c804,54 Lupari,Irvine,586,33.6460169,LGA - Laguna Altura,-117.7594979,1218000,Condo,http://www.redfin.com/CA/Irvine/54-Lupari-92618/home/51681141,2077,CA,2013.0
4B4.5B,297.0,5c0a464a6ee39237d843c805,54 Turnstone,Irvine,491,33.67820510000001,699 - Not Defined,-117.7133372,1472990,Single-Family,http://www.redfin.com/CA/Irvine/54-Turnstone-92618/home/147610721,3000,CA,2018.0
4B4.5B,297.0,5c0a464a6ee39237d843c806,55 Harlow,Irvine,466,33.6821805,699 - Not Defined,-117.70521540000001,1769990,Single-Family,http://www.redfin.com/CA/Irvine/55-Harlow-Unknown/home/147582697,3796,CA,2018.0
5B5.5B,295.0,5c0a464a6ee39237d843c807,55 Mare,Irvine,574,33.683777,699 - Not Defined,-117.709147,3094850,Single-Family,http://www.redfin.com/CA/Irvine/55-Mare-92618/home/146653174,5390,CA,2018.0
5B5.5B,295.0,5c0a464a6ee39237d843c808,56 Owl Ln,Irvine,471,33.665242,699 - Not Defined,-117.7490656,2329610,Single-Family,http://www.redfin.com/CA/Irvine/56-Owl-Ln-92618/home/146796250,4950,CA,2019.0
5B5.5B,383.0,5c0a464a6ee39237d843c809,56 Peacevine,Irvine,566,33.702793299999996,PS - Portola Springs,-117.71643470000001,2258800,Single-Family,http://www.redfin.com/CA/Irvine/56-Peacevine-92618/home/51682141,3988,CA,2013.0
4B4.0B,297.0,5c0a464a6ee39237d843c80a,56 Ray,Irvine,453,33.6766184,699 - Not Defined,-117.71107849999999,1839990,Single-Family,http://www.redfin.com/CA/Irvine/56-Ray-92618/home/147370243,4066,CA,2018.0
3B3.5B,297.0,5c0a464a6ee39237d843c80b,57 Claudius,Irvine,546,33.6805348,699 - Not Defined,-117.7094837,1894990,Single-Family,http://www.redfin.com/CA/Irvine/57-Claudius-Ct-92618/home/146861267,3471,CA,2018.0
3B3.5B,,5c0a464a6ee39237d843c80c,58 Ray,Irvine,478,33.6826,Altair Irvine - Starlight,-117.71600000000001,1589990,Single-Family,http://www.redfin.com/CA/Irvine/58-Ray-92618/home/147727987,3328,CA,2018.0
2B2.5B,239.0,5c0a464a6ee39237d843c80d,60 Pathway,Irvine,530,33.693895899999994,PS - Portola Springs,-117.7165325,688888,Condo,http://www.redfin.com/CA/Irvine/60-Pathway-92618/home/12255235,1300,CA,2006.0
3B3.5B,297.0,5c0a464a6ee39237d843c80e,60 Pelican,Irvine,487,33.6824675,699 - Not Defined,-117.71460390000001,1442990,Single-Family,http://www.redfin.com/CA/Irvine/60-Pelican-Ln-Unknown/home/147923486,2964,CA,2018.0
4B4.0B,375.0,5c0a464a6ee39237d843c80f,61 Cunningham,Irvine,520,33.70067,PS - Portola Springs,-117.71658500000001,1798000,Single-Family,http://www.redfin.com/CA/Irvine/61-Cunningham-92618/home/51682968,3458,CA,2012.0
5B3.0B,160.0,5c0a464a6ee39237d843c810,61 Eaglecreek,Irvine,455,33.66581179999999,OC - Oak Creek,-117.7819787,1425000,Single-Family,http://www.redfin.com/CA/Irvine/61-Eaglecreek-92618/home/4746623,3130,CA,1999.0
4B5.0B,,5c0a464a6ee39237d843c811,61 Ray,Irvine,413,33.6826,Altair Irvine - Starlight,-117.71600000000001,1799990,Single-Family,http://www.redfin.com/CA/Irvine/61-Ray-92618/home/147425050,4357,CA,2018.0
2B2.0B,324.0,5c0a464a6ee39237d843c812,62 Full Moon,Irvine,476,33.695344,PS - Portola Springs,-117.7187228,590000,Condo,http://www.redfin.com/CA/Irvine/62-Full-Moon-92618/home/40102641,1239,CA,2010.0
5B5.5B,295.0,5c0a464a6ee39237d843c813,62 Lunar,Irvine,460,33.676854999999996,699 - Not Defined,-117.70860900000001,2130775,Single-Family,http://www.redfin.com/CA/Irvine/62-Lunar-92618/home/146536719,4633,CA,2018.0
4B3.0B,215.0,5c0a464a6ee39237d843c814,621 Cultivate,Irvine,445,33.683667,GP - Great Park,-117.720754,1022940,Single-Family,http://www.redfin.com/CA/Irvine/621-Cultivate-92618/home/148128628,2300,CA,2018.0
4B3.75B,280.0,5c0a464a6ee39237d843c815,63 Chianti,Irvine,623,33.6406919,LGA - Laguna Altura,-117.7572887,1896000,Single-Family,http://www.redfin.com/CA/Irvine/63-Chianti-92618/home/45378765,3041,CA,2012.0
4B3.25B,152.0,5c0a464a6ee39237d843c816,63 Edgewood,Irvine,453,33.662313899999994,OC - Oak Creek,-117.77813119999999,1200000,Single-Family,http://www.redfin.com/CA/Irvine/63-Edgewood-92618/home/5766826,2648,CA,2000.0
5B5.5B,295.0,5c0a464a6ee39237d843c817,63 Kite,Irvine,448,33.683572999999996,699 - Not Defined,-117.70928,1950830,Single-Family,http://www.redfin.com/CA/Irvine/63-Kite-92618/home/145094313,4356,CA,2018.0
4B3.0B,,5c0a464a6ee39237d843c818,"639 Cultivate, Homesite 93",Irvine,460,33.683667,Deco at Cadence Park,-117.720754,1058960,Multi-Family,http://www.redfin.com/CA/Irvine/639-Cultivate-92618/home/148128627,2302,CA,2018.0
5B5.5B,295.0,5c0a464a6ee39237d843c819,65 Buttonquail,Irvine,469,33.681896513000005,GP - Great Park,-117.70403400000001,2398000,Single-Family,http://www.redfin.com/CA/Irvine/65-Buttonquail-92618/home/147761391,5115,CA,2018.0
4B4.0B,280.0,5c0a464a6ee39237d843c81a,65 Domani,Irvine,606,33.6395101,LGA - Laguna Altura,-117.75650990000001,1819000,Single-Family,http://www.redfin.com/CA/Irvine/65-Domani-92618/home/45367179,3000,CA,2013.0
4B4.5B,,5c0a464a6ee39237d843c81b,65 Turnstone,Irvine,476,33.6826,Altair Irvine - Solstice,-117.71600000000001,1584990,Single-Family,http://www.redfin.com/CA/Irvine/65-Turnstone-92618/home/146958704,3327,CA,2018.0
5B5.5B,295.0,5c0a464a6ee39237d843c81c,66 Lunar,Irvine,451,33.676854999999996,699 - Not Defined,-117.70860900000001,2089420,Single-Family,http://www.redfin.com/CA/Irvine/66-Lunar-Unknown/home/146434968,4633,CA,2018.0
5B5.5B,383.0,5c0a464a6ee39237d843c81d,66 Peacevine,Irvine,538,33.7025512,PS - Portola Springs,-117.7156426,2188000,Single-Family,http://www.redfin.com/CA/Irvine/66-Peacevine-92618/home/51682100,4065,CA,2013.0
3B2.0B,160.0,5c0a464a6ee39237d843c81e,69 Orchard,Irvine,483,33.671246200000006,OT - Orangetree,-117.7714321,698000,Single-Family,http://www.redfin.com/CA/Irvine/69-Orchard-92618/home/4746132,1445,CA,1977.0
2B1.5B,300.0,5c0a464a6ee39237d843c81f,716 Trailblaze,Irvine,542,33.687636499999996,PS - Portola Springs,-117.71395030000001,669000,Condo,http://www.redfin.com/CA/Irvine/716-Trailblaze-92679/home/143915136,1234,CA,2016.0
5B5.5B,295.0,5c0a464a6ee39237d843c820,72 Egret,Irvine,469,33.6812369,699 - Not Defined,-117.7025313,2253595,Single-Family,http://www.redfin.com/CA/Irvine/72-Egret-Unknown/home/148350098,4800,CA,2019.0
3B3.0B,450.0,5c0a464a6ee39237d843c821,727 Beacon,Irvine,546,33.680637,GP - Great Park,-117.73748459999999,1198800,Townhouse,http://www.redfin.com/CA/Irvine/727-Beacon-92618/home/147293975,2197,CA,2018.0
4B4.5B,160.0,5c0a464a6ee39237d843c822,73 Cartwheel,Irvine,480,33.6826,GP - Great Park,-117.71600000000001,1750000,Single-Family,http://www.redfin.com/CA/Irvine/73-Cartwheel-92618/home/143725332,3647,CA,2018.0
4B4.5B,297.0,5c0a464a6ee39237d843c823,73 Pelican,Irvine,450,33.6824675,699 - Not Defined,-117.71460390000001,1574990,Single-Family,http://www.redfin.com/CA/Irvine/73-Pelican-Ln-Unknown/home/147923279,3500,CA,2018.0
2B2.0B,457.0,5c0a464a6ee39237d843c824,7301 Apricot Dr #7301,Irvine,439,33.6704164,OT - Orangetree,-117.7762179,445000,Condo,http://www.redfin.com/CA/Irvine/7301-Apricot-Dr-92618/unit-7301/home/5260076,1014,CA,1979.0
5B5.5B,295.0,5c0a464a6ee39237d843c825,74 Lunar St,Irvine,454,33.676854999999996,699 - Not Defined,-117.70860900000001,2103930,Single-Family,http://www.redfin.com/CA/Irvine/74-Lunar-Unknown/home/146434971,4633,CA,2019.0
2B2.5B,315.0,5c0a464a6ee39237d843c826,74 Renewal,Irvine,418,33.701564000000005,PS - Portola Springs,-117.72932,675000,Condo,http://www.redfin.com/CA/Irvine/74-Renewal-92618/home/144012535,1614,CA,2017.0
5B5.5B,295.0,5c0a464a6ee39237d843c827,75 Lunar St,Irvine,476,33.676854999999996,699 - Not Defined,-117.70860900000001,2204425,Single-Family,http://www.redfin.com/CA/Irvine/75-Lunar-Unknown/home/146434969,4627,CA,2018.0
3B3.0B,297.0,5c0a464a6ee39237d843c828,76 Cartwheel,Irvine,532,33.6769969,GP - Great Park,-117.7116213,1548888,Single-Family,http://www.redfin.com/CA/Irvine/76-Cartwheel-92618/home/146201073,2909,CA,2018.0
4B4.5B,295.0,5c0a464a6ee39237d843c829,77 Lunar St,Irvine,475,33.676854999999996,699 - Not Defined,-117.70860900000001,2077525,Single-Family,http://www.redfin.com/CA/Irvine/77-Lunar-Unknown/home/146432580,4377,CA,2018.0
5B5.5B,295.0,5c0a464a6ee39237d843c82a,78 Eider Run,Irvine,462,33.684179799999995,699 - Not Defined,-117.708704,2500000,Single-Family,http://www.redfin.com/CA/Irvine/78-Eider-Run-92618/home/147161619,5416,CA,2018.0
5B5.5B,295.0,5c0a464a6ee39237d843c82b,79 Lunar,Irvine,463,33.676854999999996,699 - Not Defined,-117.70860900000001,2144455,Single-Family,http://www.redfin.com/CA/Irvine/79-Lunar-92618/home/147421599,4633,CA,2019.0
3B2.5B,280.0,5c0a464a6ee39237d843c82c,83 Lupari,Irvine,585,33.6464078,LGA - Laguna Altura,-117.75810940000001,1099000,Condo,http://www.redfin.com/CA/Irvine/83-Lupari-92603/home/58556009,1878,CA,2013.0
4B4.5B,297.0,5c0a464a6ee39237d843c82d,83 Turnstone,Irvine,451,33.67820510000001,699 - Not Defined,-117.7133372,1499990,Single-Family,http://www.redfin.com/CA/Irvine/83-Turnstone-92618/home/146953625,3327,CA,2018.0
4B4.5B,297.0,5c0a464a6ee39237d843c82e,83 crater,Irvine,425,33.6762033,GP - Great Park,-117.7104832,1729000,Single-Family,http://www.redfin.com/CA/Irvine/83-Crater-92618/home/146229352,4066,CA,2018.0
4B4.5B,297.0,5c0a464a6ee39237d843c82f,89 Pelican,Irvine,429,33.665242,699 - Not Defined,-117.7490656,1499990,Single-Family,http://www.redfin.com/CA/Irvine/89-Pelican-92618/home/146953591,3500,CA,2018.0
5B5.5B,,5c0a464a6ee39237d843c830,95 Spacial,Irvine,462,33.683777,Estrella at Altair,-117.709147,2423195,Single-Family,http://www.redfin.com/CA/Irvine/95-Spacial-92618/home/148404984,5243,CA,2018.0
5B3.5B,152.0,5c0a464a6ee39237d843c831,97 Millbrook,Irvine,449,33.660234700000004,OC - Oak Creek,-117.77872659999998,1188000,Single-Family,http://www.redfin.com/CA/Irvine/97-Millbrook-92618/home/5766483,2648,CA,2000.0
5B5.5B,,5c0a464a6ee39237d843c832,97 Spacial,Irvine,461,33.683777,Estrella at Altair,-117.709147,2498195,Single-Family,http://www.redfin.com/CA/Irvine/97-Spacial-92618/home/148404983,5416,CA,2018.0
3B3.5B,263.0,5c0a464a6ee39237d843c833,99 Kestrel,Irvine,491,33.701874,PS - Portola Springs,-117.72911370000001,799000,Condo,http://www.redfin.com/CA/Irvine/99-Kestrel-92618/home/143914993,1628,CA,2015.0
5B5.5B,,5c0a464a6ee39237d843c834,99 Spacial,Irvine,471,33.684457,Estrella at Altair,-117.71046399999999,2538350,Single-Family,http://www.redfin.com/CA/Irvine/99-Spacial-92618/home/146170441,5390,CA,2018.0
5B5.5B,,5c0a464a6ee39237d843c835,Altamira,Irvine,448,33.683482299999994,Estrella at Altair,-117.7091578,2349995,Single-Family,http://www.redfin.com/CA/Irvine/Estrella-at-Altair/Altamira/home/146413677,5243,CA,
4B4.5B,,5c0a464a6ee39237d843c836,Ariel,Irvine,451,33.676854999999996,Alara at Altair,-117.70860900000001,1967995,Single-Family,http://www.redfin.com/CA/Irvine/Alara-at-Altair/Ariel/home/142960945,4368,CA,
4B4.5B,,5c0a464a6ee39237d843c837,Ariel Elite,Irvine,432,33.676854999999996,Alara at Altair,-117.70860900000001,2109995,Single-Family,http://www.redfin.com/CA/Irvine/Alara-at-Altair/Ariel-Elite/home/142960942,4881,CA,
5B5.5B,,5c0a464a6ee39237d843c838,Artemis,Irvine,464,33.68053,Solano at Altair,-117.70512,2179995,Single-Family,http://www.redfin.com/CA/Irvine/Solano-at-Altair/Artemis/home/147567460,4700,CA,
5B5.5B,,5c0a464a6ee39237d843c839,Atlas,Irvine,455,33.683572999999996,Meridian at Altair,-117.70928,1979995,Single-Family,http://www.redfin.com/CA/Irvine/Meridian-at-Altair/Atlas/home/142960948,4356,CA,
3B2.5B,,5c0a464a6ee39237d843c83a,Bellerose,Irvine,462,33.683667,Deco at Cadence Park,-117.720754,884910,Multi-Family,http://www.redfin.com/CA/Irvine/Deco-at-Cadence-Park/Bellerose/home/148128635,1916,CA,
5B5.5B,,5c0a464a6ee39237d843c83b,Bianca,Irvine,458,33.68053,Solano at Altair,-117.70512,2199995,Single-Family,http://www.redfin.com/CA/Irvine/Solano-at-Altair/Bianca/home/147567459,4800,CA,
5B5.5B,,5c0a464a6ee39237d843c83c,Callisto,Irvine,445,33.683482299999994,Estrella at Altair,-117.7091578,2409995,Single-Family,http://www.redfin.com/CA/Irvine/Estrella-at-Altair/Callisto/home/146286845,5416,CA,
5B5.5B,,5c0a464a6ee39237d843c83d,Calypso,Irvine,438,33.676854999999996,Alara at Altair,-117.70860900000001,2030995,Single-Family,http://www.redfin.com/CA/Irvine/Alara-at-Altair/Calypso/home/142960944,4633,CA,
5B5.5B,,5c0a464a6ee39237d843c83e,Calypso Elite,Irvine,427,33.676854999999996,Alara at Altair,-117.70860900000001,2223995,Single-Family,http://www.redfin.com/CA/Irvine/Alara-at-Altair/Calypso-Elite/home/142960941,5212,CA,
3B2.5B,,5c0a464a6ee39237d843c83f,Eden,Irvine,369,33.682448,Cabaletta at Cadence Park,-117.72191799999999,859990,Single-Family,http://www.redfin.com/CA/Irvine/Cabaletta-at-Cadence-Park/Eden/home/148305568,2330,CA,
4B3.0B,,5c0a464a6ee39237d843c840,Evelyn,Irvine,391,33.682448,Cabaletta at Cadence Park,-117.72191799999999,949990,Single-Family,http://www.redfin.com/CA/Irvine/Cabaletta-at-Cadence-Park/Evelyn/home/148172217,2430,CA,
5B5.5B,,5c0a464a6ee39237d843c841,Helios,Irvine,431,33.683572999999996,Meridian at Altair,-117.70928,1889995,Single-Family,http://www.redfin.com/CA/Irvine/Meridian-at-Altair/Helios/home/144425960,4383,CA,
4B3.0B,,5c0a464a6ee39237d843c842,Laclaire,Irvine,477,33.691521,Juniper at Portola Springs,-117.70953700000001,950000,Single-Family,http://www.redfin.com/CA/Irvine/Juniper-at-Portola-Springs/Laclaire/home/144826359,1990,CA,
4B4.0B,,5c0a464a6ee39237d843c843,Lacy,Irvine,463,33.691521,Juniper at Portola Springs,-117.70953700000001,1086000,Single-Family,http://www.redfin.com/CA/Irvine/Juniper-at-Portola-Springs/Lacy/home/144871210,2345,CA,
4B4.0B,,5c0a464a6ee39237d843c844,Lucille,Irvine,466,33.691521,Juniper at Portola Springs,-117.70953700000001,1119000,Single-Family,http://www.redfin.com/CA/Irvine/Juniper-at-Portola-Springs/Lucille/home/144841455,2400,CA,
5B5.5B,,5c0a464a6ee39237d843c845,Luna,Irvine,426,33.683572999999996,Meridian at Altair,-117.70928,1939995,Single-Family,http://www.redfin.com/CA/Irvine/Meridian-at-Altair/Luna/home/144425959,4556,CA,
4B3.5B,,5c0a464a6ee39237d843c846,Metropolis,Irvine,424,33.683667,Deco at Cadence Park,-117.720754,911430,Multi-Family,http://www.redfin.com/CA/Irvine/Deco-at-Cadence-Park/Metropolis/home/148128634,2151,CA,
4B3.5B,,5c0a464a6ee39237d843c847,Muse Plan 1,Irvine,421,33.638998,Muse at Cadence Park,-117.72009299999999,802244,Condo,http://www.redfin.com/CA/Irvine/Muse-at-Cadence-Park/Muse-Plan-1/home/145409293,1907,CA,
3B3.5B,,5c0a464a6ee39237d843c848,Muse Plan 2,Irvine,421,33.638998,Muse at Cadence Park,-117.72009299999999,813935,Condo,http://www.redfin.com/CA/Irvine/Muse-at-Cadence-Park/Muse-Plan-2/home/145409292,1933,CA,
3B3.5B,,5c0a464a6ee39237d843c849,Muse Plan 3,Irvine,431,33.638998,Muse at Cadence Park,-117.72009299999999,856117,Condo,http://www.redfin.com/CA/Irvine/Muse-at-Cadence-Park/Muse-Plan-3/home/145409291,1986,CA,
3B2.5B,,5c0a464a6ee39237d843c84a,Plan 1X,Irvine,379,33.680640000000004,Duet at Cadence Park,-117.72344199999999,1069880,Single-Family,http://www.redfin.com/CA/Irvine/Duet-at-Cadence-Park/Plan-1X/home/145255598,2820,CA,
4B4.5B,,5c0a464a6ee39237d843c84b,Plan 2X,Irvine,376,33.680640000000004,Duet at Cadence Park,-117.72344199999999,1090880,Single-Family,http://www.redfin.com/CA/Irvine/Duet-at-Cadence-Park/Plan-2X/home/145255597,2900,CA,
3B2.5B,,5c0a464a6ee39237d843c84c,Pontiac,Irvine,449,33.683667,Deco at Cadence Park,-117.720754,918750,Multi-Family,http://www.redfin.com/CA/Irvine/Deco-at-Cadence-Park/Pontiac/home/148128631,2047,CA,
3B3.5B,,5c0a464a6ee39237d843c84d,Residence 1,Irvine,536,33.6826,Altair Irvine - Lumiere,-117.71600000000001,1859990,Single-Family,http://www.redfin.com/CA/Irvine/Altair-Irvine-Lumiere/Residence-1/home/147279710,3471,CA,
2B2.0B,,5c0a464a6ee39237d843c84e,Residence 1,Irvine,484,33.68091,Travata - Aldea at Travata,-117.7718375,685990,Multi-Family,http://www.redfin.com/CA/Irvine/Travata-Aldea-at-Travata/Residence-1/home/146746631,1417,CA,
4B3.5B,,5c0a464a6ee39237d843c84f,Residence 1,Irvine,511,33.6826,Altair Irvine - Starlight,-117.71600000000001,1574990,Single-Family,http://www.redfin.com/CA/Irvine/Altair-Irvine-Starlight/Residence-1/home/144216772,3084,CA,
4B3.0B,,5c0a464a6ee39237d843c850,Residence 1,Irvine,638,33.638391,Barcelona,-117.74284899999999,1468005,Single-Family,http://www.redfin.com/CA/Irvine/Barcelona/Residence-1/home/148434289,2302,CA,
3B3.5B,,5c0a464a6ee39237d843c851,Residence 1,Irvine,543,33.6826,Altair Irvine - Solstice,-117.71600000000001,1374990,Single-Family,http://www.redfin.com/CA/Irvine/Altair-Irvine-Solstice/Residence-1/home/144216766,2533,CA,
2B2.0B,,5c0a464a6ee39237d843c852,Residence 1,Irvine,469,33.638998,Great Park Neighborhoods - Chorus at Cadence Park,-117.72009299999999,774990,Multi-Family,http://www.redfin.com/CA/Irvine/Great-Park-Neighborhoods-Chorus-at-Cadence-Park/Residence-1/home/147203553,1653,CA,
3B3.0B,,5c0a464a6ee39237d843c853,Residence 1,Irvine,505,33.6826,Altair Irvine - Celestial,-117.71600000000001,1469990,Single-Family,http://www.redfin.com/CA/Irvine/Altair-Irvine-Celestial/Residence-1/home/144216769,2909,CA,
2B2.0B,,5c0a464a6ee39237d843c854,Residence 1,Irvine,585,33.6754549,Travata - Castillo at Travata,-117.7490709,749990,Multi-Family,http://www.redfin.com/CA/Irvine/Travata-Castillo-at-Travata/Residence-1/home/145102182,1281,CA,
4B3.5B,,5c0a464a6ee39237d843c855,Residence 1,Irvine,395,33.6807,Great Park Neighborhoods - Obsidian at Parasol Park,-117.73700000000001,1144990,Single-Family,http://www.redfin.com/CA/Irvine/Great-Park-Neighborhoods-Obsidian-at-Parasol-Park/Residence-1/home/144388347,2897,CA,
2B2.5B,,5c0a464a6ee39237d843c856,Residence 1,Irvine,560,33.6749995,Travata - Palencia at Travata,-117.7495483,1033990,Single-Family,http://www.redfin.com/CA/Irvine/Travata-Palencia-at-Travata/Residence-1/home/145102179,1848,CA,
3B2.0B,,5c0a464a6ee39237d843c857,Residence 1,Irvine,486,33.683059,Lyric at Cadence Park,-117.723445,807203,Single-Family,http://www.redfin.com/CA/Irvine/Lyric-at-Cadence-Park/Residence-1/home/147264809,1661,CA,
3B2.0B,,5c0a464a6ee39237d843c858,Residence 1X,Irvine,419,33.683059,Lyric at Cadence Park,-117.723445,861500,Single-Family,http://www.redfin.com/CA/Irvine/Lyric-at-Cadence-Park/Residence-1X/home/147264810,2055,CA,
4B3.5B,,5c0a464a6ee39237d843c859,Residence 1X,Irvine,437,33.6842,Great Park Neighborhoods - Encore at Cadence Park,-117.728,1234990,Single-Family,http://www.redfin.com/CA/Irvine/Great-Park-Neighborhoods-Encore-at-Cadence-Park/Residence-1X/home/146248848,2826,CA,
5B6.0B,,5c0a464a6ee39237d843c85a,Residence 2,Irvine,446,33.6826,Altair Irvine - Lumiere,-117.71600000000001,2089990,Single-Family,http://www.redfin.com/CA/Irvine/Altair-Irvine-Lumiere/Residence-2/home/147279709,4686,CA,
4B3.0B,,5c0a464a6ee39237d843c85b,Residence 2,Irvine,483,33.689129799999996,Legado at Portola Springs,-117.71297109999999,1056008,Single-Family,http://www.redfin.com/CA/Irvine/Legado-at-Portola-Springs/Residence-2/home/103993796,2185,CA,
3B2.5B,,5c0a464a6ee39237d843c85c,Residence 2,Irvine,331,33.638998,Great Park Neighborhoods - Chorus at Cadence Park,-117.72009299999999,949990,Multi-Family,http://www.redfin.com/CA/Irvine/Great-Park-Neighborhoods-Chorus-at-Cadence-Park/Residence-2/home/147203552,2868,CA,
4B4.0B,,5c0a464a6ee39237d843c85d,Residence 2,Irvine,390,33.6807,Great Park Neighborhoods - Obsidian at Parasol Park,-117.73700000000001,1144990,Single-Family,http://www.redfin.com/CA/Irvine/Great-Park-Neighborhoods-Obsidian-at-Parasol-Park/Residence-2/home/144388313,2937,CA,
2B2.0B,,5c0a464a6ee39237d843c85e,Residence 2,Irvine,494,33.68091,Travata - Aldea at Travata,-117.7718375,754990,Multi-Family,http://www.redfin.com/CA/Irvine/Travata-Aldea-at-Travata/Residence-2/home/146746623,1527,CA,
3B3.5B,,5c0a464a6ee39237d843c85f,Residence 2,Irvine,488,33.6826,Altair Irvine - Starlight,-117.71600000000001,1624990,Single-Family,http://www.redfin.com/CA/Irvine/Altair-Irvine-Starlight/Residence-2/home/144216771,3328,CA,
4B4.5B,,5c0a464a6ee39237d843c860,Residence 2,Irvine,492,33.6826,Altair Irvine - Eclipse,-117.71600000000001,1689990,Single-Family,http://www.redfin.com/CA/Irvine/Altair-Irvine-Eclipse/Residence-2/home/144216768,3435,CA,
3B3.5B,,5c0a464a6ee39237d843c861,Residence 2,Irvine,417,33.683999799999995,Sterling at Parasol Park,-117.7406131,689000,Townhouse,http://www.redfin.com/CA/Irvine/Sterling-at-Parasol-Park/Residence-2/home/113707113,1654,CA,
3B3.5B,,5c0a464a6ee39237d843c862,Residence 2,Irvine,541,33.6749995,Travata - Palencia at Travata,-117.7495483,1199990,Single-Family,http://www.redfin.com/CA/Irvine/Travata-Palencia-at-Travata/Residence-2/home/145102178,2220,CA,
4B4.5B,,5c0a464a6ee39237d843c863,Residence 2,Irvine,488,33.6826,Altair Irvine - Solstice,-117.71600000000001,1464990,Single-Family,http://www.redfin.com/CA/Irvine/Altair-Irvine-Solstice/Residence-2/home/144216765,3000,CA,
3B2.0B,,5c0a464a6ee39237d843c864,Residence 2,Irvine,438,33.683059,Lyric at Cadence Park,-117.723445,857860,Single-Family,http://www.redfin.com/CA/Irvine/Lyric-at-Cadence-Park/Residence-2/home/147264811,1958,CA,
3B2.0B,,5c0a464a6ee39237d843c865,Residence 2,Irvine,591,33.6754549,Travata - Castillo at Travata,-117.7490709,924990,Multi-Family,http://www.redfin.com/CA/Irvine/Travata-Castillo-at-Travata/Residence-2/home/145102181,1566,CA,
4B3.0B,,5c0a464a6ee39237d843c866,Residence 2,Irvine,633,33.638391,Barcelona,-117.74284899999999,1561669,Single-Family,http://www.redfin.com/CA/Irvine/Barcelona/Residence-2/home/148434287,2466,CA,
3B2.5B,,5c0a464a6ee39237d843c867,Residence 2X,Irvine,508,33.6754549,Travata - Castillo at Travata,-117.7490709,989990,Multi-Family,http://www.redfin.com/CA/Irvine/Travata-Castillo-at-Travata/Residence-2X/home/145102183,1947,CA,
3B2.0B,,5c0a464a6ee39237d843c868,Residence 2X,Irvine,393,33.683059,Lyric at Cadence Park,-117.723445,921700,Single-Family,http://www.redfin.com/CA/Irvine/Lyric-at-Cadence-Park/Residence-2X/home/147264812,2346,CA,
4B4.5B,,5c0a464a6ee39237d843c869,Residence 3,Irvine,435,33.6826,Altair Irvine - Lumiere,-117.71600000000001,2099990,Single-Family,http://www.redfin.com/CA/Irvine/Altair-Irvine-Lumiere/Residence-3/home/147279714,4824,CA,
4B4.5B,,5c0a464a6ee39237d843c86a,Residence 3,Irvine,475,33.6826,Altair Irvine - Solstice,-117.71600000000001,1579990,Single-Family,http://www.redfin.com/CA/Irvine/Altair-Irvine-Solstice/Residence-3/home/144240758,3327,CA,
4B3.5B,,5c0a464a6ee39237d843c86b,Residence 3,Irvine,463,33.689129799999996,Legado at Portola Springs,-117.71297109999999,1046000,Single-Family,http://www.redfin.com/CA/Irvine/Legado-at-Portola-Springs/Residence-3/home/103993795,2258,CA,
4B3.0B,,5c0a464a6ee39237d843c86c,Residence 3,Irvine,608,33.638391,Barcelona,-117.74284899999999,1604387,Single-Family,http://www.redfin.com/CA/Irvine/Barcelona/Residence-3/home/148434288,2637,CA,
3B3.5B,,5c0a464a6ee39237d843c86d,Residence 3,Irvine,536,33.6749995,Travata - Palencia at Travata,-117.7495483,1234990,Single-Family,http://www.redfin.com/CA/Irvine/Travata-Palencia-at-Travata/Residence-3/home/145102177,2305,CA,
5B5.5B,,5c0a464a6ee39237d843c86e,Residence 3,Irvine,428,33.6807,Great Park Neighborhoods - Capella at Cadence Park,-117.73700000000001,1754990,Single-Family,http://www.redfin.com/CA/Irvine/Great-Park-Neighborhoods-Capella-at-Cadence-Park/Residence-3/home/144388275,4097,CA,
3B2.0B,,5c0a464a6ee39237d843c86f,Residence 3,Irvine,576,33.6754549,Travata - Castillo at Travata,-117.7490709,979990,Multi-Family,http://www.redfin.com/CA/Irvine/Travata-Castillo-at-Travata/Residence-3/home/145102180,1701,CA,
4B5.0B,,5c0a464a6ee39237d843c870,Residence 3,Irvine,459,33.6826,Altair Irvine - Starlight,-117.71600000000001,1864990,Single-Family,http://www.redfin.com/CA/Irvine/Altair-Irvine-Starlight/Residence-3/home/144216773,4066,CA,
2B2.0B,,5c0a464a6ee39237d843c871,Residence 3,Irvine,450,33.68091,Travata - Aldea at Travata,-117.7718375,859990,Multi-Family,http://www.redfin.com/CA/Irvine/Travata-Aldea-at-Travata/Residence-3/home/146746616,1910,CA,
4B4.5B,,5c0a464a6ee39237d843c872,Residence 3,Irvine,444,33.6826,Altair Irvine - Eclipse,-117.71600000000001,1684990,Single-Family,http://www.redfin.com/CA/Irvine/Altair-Irvine-Eclipse/Residence-3/home/144216767,3792,CA,
5B6.0B,,5c0a464a6ee39237d843c873,Residence 3X,Irvine,367,33.6826,Altair Irvine - Lumiere,-117.71600000000001,2429990,Single-Family,http://www.redfin.com/CA/Irvine/Altair-Irvine-Lumiere/Residence-3X/home/147279711,6613,CA,
4B4.0B,,5c0a464a6ee39237d843c874,Residence 3X,Irvine,433,33.6842,Great Park Neighborhoods - Encore at Cadence Park,-117.728,1349990,Single-Family,http://www.redfin.com/CA/Irvine/Great-Park-Neighborhoods-Encore-at-Cadence-Park/Residence-3X/home/146248874,3116,CA,
3B3.5B,,5c0a464a6ee39237d843c875,Residence 4,Irvine,513,33.6749995,Travata - Palencia at Travata,-117.7495483,1244990,Single-Family,http://www.redfin.com/CA/Irvine/Travata-Palencia-at-Travata/Residence-4/home/145102176,2425,CA,
4B5.0B,,5c0a464a6ee39237d843c876,Residence 4,Irvine,429,33.6826,Altair Irvine - Starlight,-117.71600000000001,1869990,Single-Family,http://www.redfin.com/CA/Irvine/Altair-Irvine-Starlight/Residence-4/home/144216770,4357,CA,
5B5.5B,,5c0a464a6ee39237d843c877,Residence 4,Irvine,443,33.6826,Altair Irvine - Lumiere,-117.71600000000001,2039990,Single-Family,http://www.redfin.com/CA/Irvine/Altair-Irvine-Lumiere/Residence-4/home/147279713,4605,CA,
6B6.5B,,5c0a464a6ee39237d843c878,Residence 4X,Irvine,373,33.6826,Altair Irvine - Lumiere,-117.71600000000001,2459990,Single-Family,http://www.redfin.com/CA/Irvine/Altair-Irvine-Lumiere/Residence-4X/home/147279712,6590,CA,
3B3.5B,,5c0a464a6ee39237d843c879,Residence 5,Irvine,508,33.6749995,Travata - Palencia at Travata,-117.7495483,1304990,Single-Family,http://www.redfin.com/CA/Irvine/Travata-Palencia-at-Travata/Residence-5/home/145102175,2567,CA,
4B4.5B,,5c0a464a6ee39237d843c87a,Residence One,Irvine,448,33.691757,Elderberry at Portola Springs,-117.70791650000001,1295150,Single-Family,http://www.redfin.com/CA/Irvine/Elderberry-at-Portola-Springs/Residence-One/home/145283805,2892,CA,
3B3.5B,,5c0a464a6ee39237d843c87b,Residence One,Irvine,462,33.682829,Prado at Cadence Park,-117.72271200000002,799990,Single-Family,http://www.redfin.com/CA/Irvine/Prado-at-Cadence-Park/Residence-One/home/147129663,1733,CA,
4B4.0B,,5c0a464a6ee39237d843c87c,Residence Three,Irvine,390,33.682829,Prado at Cadence Park,-117.72271200000002,1079990,Single-Family,http://www.redfin.com/CA/Irvine/Prado-at-Cadence-Park/Residence-Three/home/147129662,2766,CA,
4B4.5B,,5c0a464a6ee39237d843c87d,Residence Three,Irvine,450,33.691757,Elderberry at Portola Springs,-117.70791650000001,1296990,Single-Family,http://www.redfin.com/CA/Irvine/Elderberry-at-Portola-Springs/Residence-Three/home/145272161,2882,CA,
4B4.0B,,5c0a464a6ee39237d843c87e,Residence Two,Irvine,451,33.682829,Prado at Cadence Park,-117.72271200000002,1041080,Single-Family,http://www.redfin.com/CA/Irvine/Prado-at-Cadence-Park/Residence-Two/home/147280500,2307,CA,
4B4.0B,,5c0a464a6ee39237d843c87f,Residence Two,Irvine,450,33.691757,Elderberry at Portola Springs,-117.70791650000001,1259990,Single-Family,http://www.redfin.com/CA/Irvine/Elderberry-at-Portola-Springs/Residence-Two/home/145272162,2799,CA,
5B5.5B,,5c0a464a6ee39237d843c880,Soleil,Irvine,453,33.676854999999996,Alara at Altair,-117.70860900000001,2095995,Single-Family,http://www.redfin.com/CA/Irvine/Alara-at-Altair/Soleil/home/142960943,4627,CA,
5B5.5B,,5c0a464a6ee39237d843c881,Soleil Elite,Irvine,429,33.676854999999996,Alara at Altair,-117.70860900000001,2249995,Single-Family,http://www.redfin.com/CA/Irvine/Alara-at-Altair/Soleil-Elite/home/142960940,5247,CA,
5B5.5B,,5c0a464a6ee39237d843c882,Solitaire,Irvine,442,33.68053,Solano at Altair,-117.70512,2209995,Single-Family,http://www.redfin.com/CA/Irvine/Solano-at-Altair/Solitaire/home/147600476,5000,CA,
5B5.5B,,5c0a464a6ee39237d843c883,Stella,Irvine,449,33.683482299999994,Estrella at Altair,-117.7091578,2419995,Single-Family,http://www.redfin.com/CA/Irvine/Estrella-at-Altair/Stella/home/146286844,5390,CA,
4B2.5B,,5c0a464a6ee39237d843c884,Waverly,Irvine,423,33.683667,Deco at Cadence Park,-117.720754,973569,Multi-Family,http://www.redfin.com/CA/Irvine/Deco-at-Cadence-Park/Waverly/home/148128626,2300,CA,
